PassengerId,HomePlanet,CryoSleep,Cabin,Destination,Age,VIP,RoomService,FoodCourt,ShoppingMall,Spa,VRDeck,Name,Transported
8613_01,Earth,False,G/1388/S,TRAPPIST-1e,10.0,False,0.0,0.0,0.0,0.0,0.0,,True
8614_01,Earth,False,G/1400/P,TRAPPIST-1e,23.0,False,4.0,3.0,1785.0,0.0,0.0,,True
8615_01,Earth,False,E/565/S,55 Cancri e,50.0,False,0.0,0.0,117.0,712.0,0.0,Kris Buckentry,True
8615_02,Earth,True,G/1389/S,55 Cancri e,13.0,False,0.0,0.0,0.0,0.0,0.0,Jarena Buckentry,True
8616_01,Mars,False,F/1767/P,TRAPPIST-1e,43.0,False,27.0,0.0,797.0,830.0,161.0,Fruik Coune,False
8616_02,Mars,True,F/1767/P,55 Cancri e,20.0,False,0.0,0.0,0.0,0.0,0.0,Skies Coune,True
8617_01,Earth,False,F/1768/P,TRAPPIST-1e,21.0,False,11.0,1475.0,0.0,0.0,0.0,Jeroy Cartiz,True
8618_01,Europa,False,B/336/S,55 Cancri e,18.0,False,0.0,694.0,0.0,0.0,1370.0,Hallux Resendent,False
8618_02,Europa,True,B/336/S,TRAPPIST-1e,16.0,False,0.0,0.0,0.0,0.0,0.0,Jihonon Resendent,True
8619_01,Europa,False,E/566/S,TRAPPIST-1e,47.0,False,187.0,268.0,977.0,3441.0,236.0,Mardach Heermy,False
8620_01,Mars,False,F/1659/S,TRAPPIST-1e,35.0,True,1234.0,35.0,7.0,0.0,0.0,Cinets Crité,False
8623_01,Earth,False,,TRAPPIST-1e,15.0,False,9.0,731.0,85.0,0.0,537.0,Vandy Hoffergess,False
8624_01,Earth,False,F/1661/S,TRAPPIST-1e,46.0,False,135.0,0.0,0.0,0.0,928.0,Penne Kramorry,False
8624_02,Earth,True,G/1390/S,TRAPPIST-1e,6.0,,0.0,0.0,0.0,0.0,0.0,Eristy Kramorry,False
8626_01,Earth,False,F/1770/P,TRAPPIST-1e,26.0,False,1.0,0.0,1.0,15.0,854.0,Alber Corman,False
8628_01,Earth,False,F/1664/S,PSO J318.5-22,49.0,False,0.0,18.0,0.0,0.0,686.0,Enry Johnsondez,False
8629_01,Earth,True,G/1391/S,TRAPPIST-1e,28.0,False,0.0,0.0,0.0,0.0,0.0,Royce Hamberterry,True
8631_01,Mars,True,E/553/P,TRAPPIST-1e,37.0,False,0.0,0.0,0.0,0.0,0.0,Denuts Stité,False
8633_01,Earth,False,F/1665/S,TRAPPIST-1e,17.0,False,2.0,33.0,97.0,553.0,,Jenne Daughessey,False
8634_01,Earth,False,G/1392/S,TRAPPIST-1e,38.0,False,1739.0,0.0,0.0,83.0,0.0,Wenny Hurchez,False
8635_01,Earth,False,E/554/P,TRAPPIST-1e,18.0,False,224.0,0.0,0.0,0.0,1384.0,Joanry Welles,False
8636_01,Mars,True,F/1772/P,TRAPPIST-1e,55.0,False,0.0,0.0,0.0,0.0,0.0,Panzel Ruity,True
8637_01,,True,F/1773/P,TRAPPIST-1e,28.0,False,0.0,0.0,0.0,0.0,0.0,Sinkes Spien,True
8637_02,Mars,False,F/1773/P,TRAPPIST-1e,25.0,False,987.0,0.0,6221.0,141.0,0.0,Varz Spien,True
8637_03,Mars,False,E/555/P,TRAPPIST-1e,17.0,,330.0,1.0,967.0,0.0,0.0,Nakes Spien,False
8638_01,Earth,True,G/1402/P,TRAPPIST-1e,22.0,False,0.0,0.0,0.0,0.0,0.0,Therta Holliams,False
8638_02,Earth,False,G/1402/P,TRAPPIST-1e,4.0,False,0.0,0.0,0.0,0.0,0.0,Janee Holliams,True
8638_03,Earth,False,G/1402/P,55 Cancri e,3.0,False,0.0,0.0,0.0,0.0,0.0,Britta Holliams,True
8639_01,Mars,True,E/567/S,TRAPPIST-1e,21.0,False,0.0,0.0,0.0,0.0,0.0,Wifts Berle,False
8639_02,Mars,False,D/260/S,TRAPPIST-1e,24.0,False,1455.0,2207.0,163.0,2354.0,0.0,Cruts Berle,False
8640_01,Earth,False,F/1666/S,,50.0,False,133.0,0.0,525.0,0.0,31.0,Diandy Hurchrisong,False
8641_01,Mars,False,F/1667/S,TRAPPIST-1e,3.0,False,0.0,0.0,0.0,0.0,0.0,Cint Mille,True
8641_02,Mars,False,F/1667/S,TRAPPIST-1e,19.0,False,1146.0,0.0,3.0,0.0,0.0,Conth Mille,False
8641_03,Mars,True,F/1667/S,TRAPPIST-1e,22.0,False,0.0,0.0,0.0,0.0,0.0,Pech Mille,True
8642_01,Earth,False,F/1774/P,PSO J318.5-22,20.0,False,0.0,4.0,0.0,0.0,625.0,Yolace Berreranks,False
8643_01,Mars,False,F/1775/P,TRAPPIST-1e,18.0,False,2048.0,0.0,2.0,848.0,0.0,Dow Ramad,False
8644_01,Earth,False,F/1668/S,TRAPPIST-1e,27.0,False,20.0,0.0,11.0,0.0,848.0,Shawne Dunnisey,False
8644_02,Earth,False,F/1668/S,TRAPPIST-1e,29.0,False,0.0,0.0,0.0,0.0,1972.0,Ninaha Dunnisey,False
8645_01,Earth,False,F/1776/P,55 Cancri e,23.0,False,1.0,26.0,1908.0,318.0,0.0,Herita Arneras,True
8646_01,Europa,True,C/325/S,TRAPPIST-1e,48.0,False,0.0,0.0,0.0,0.0,0.0,Neutrak Vertfull,True
8646_02,Europa,False,C/325/S,TRAPPIST-1e,32.0,False,0.0,1285.0,0.0,3030.0,334.0,Enifik Vertfull,False
8646_03,Europa,True,C/325/S,TRAPPIST-1e,55.0,False,0.0,0.0,0.0,0.0,0.0,Atonon Vertfull,True
8646_04,Europa,False,C/325/S,55 Cancri e,49.0,False,3.0,1108.0,2.0,5775.0,1964.0,Chamark Vertfull,False
8650_01,Earth,True,G/1404/P,TRAPPIST-1e,15.0,False,0.0,0.0,0.0,0.0,0.0,Artis Weberton,True
8653_01,Earth,True,G/1393/S,TRAPPIST-1e,50.0,False,0.0,0.0,0.0,0.0,0.0,Racily Bairdyork,True
8654_01,Earth,False,F/1779/P,TRAPPIST-1e,35.0,False,777.0,0.0,23.0,0.0,61.0,Jeresa Noelan,False
8656_01,Europa,False,A/103/S,TRAPPIST-1e,29.0,False,0.0,4455.0,0.0,1663.0,4435.0,Antinon Imparmle,False
8656_02,Europa,False,A/103/S,55 Cancri e,38.0,True,0.0,1298.0,0.0,1841.0,1547.0,Almino Rotter,False
8656_03,Europa,True,A/103/S,55 Cancri e,29.0,True,0.0,0.0,0.0,0.0,0.0,Eltares Imparmle,True
8657_01,Mars,False,F/1780/P,TRAPPIST-1e,39.0,False,200.0,0.0,1083.0,65.0,0.0,Caish Harta,True
8658_01,Mars,False,E/568/S,TRAPPIST-1e,49.0,False,0.0,1.0,1364.0,226.0,0.0,Ney Forne,True
8658_02,Mars,False,F/1673/S,TRAPPIST-1e,39.0,False,345.0,0.0,848.0,0.0,116.0,Batech Forne,False
8659_01,Earth,False,F/1781/P,TRAPPIST-1e,19.0,False,125.0,556.0,23.0,0.0,0.0,Coley Ryanglasey,True
8661_01,Earth,False,F/1675/S,TRAPPIST-1e,19.0,False,886.0,0.0,0.0,1587.0,12.0,Herina Pierry,False
8663_01,Earth,False,G/1394/S,TRAPPIST-1e,14.0,False,450.0,4791.0,896.0,0.0,0.0,Fery Hurchrisong,True
8663_02,Earth,True,,55 Cancri e,40.0,,0.0,0.0,0.0,0.0,0.0,Donnie Hurchrisong,True
8664_01,Earth,False,G/1395/S,TRAPPIST-1e,40.0,False,909.0,0.0,0.0,0.0,0.0,Loisey Hallahaney,False
8667_01,Mars,False,F/1676/S,TRAPPIST-1e,20.0,False,733.0,0.0,455.0,,0.0,Koat Kad,False
8668_01,Mars,True,F/1783/P,TRAPPIST-1e,6.0,False,0.0,0.0,0.0,0.0,0.0,Mall Rapie,True
8668_02,Mars,False,D/269/P,TRAPPIST-1e,41.0,False,806.0,16.0,125.0,1008.0,0.0,Mulk Rapie,False
8668_03,Mars,False,E/556/P,TRAPPIST-1e,37.0,False,0.0,0.0,0.0,0.0,0.0,Toat Rapie,False
8669_01,Earth,False,F/1677/S,TRAPPIST-1e,31.0,False,949.0,0.0,22.0,0.0,0.0,Morrie Cartiz,False
8669_02,Earth,False,G/1397/S,TRAPPIST-1e,8.0,False,0.0,0.0,0.0,0.0,0.0,Craine Cartiz,False
8669_03,Earth,False,F/1677/S,TRAPPIST-1e,55.0,False,506.0,0.0,456.0,0.0,0.0,Leence Cartiz,False
8670_01,Earth,True,G/1398/S,PSO J318.5-22,16.0,False,0.0,0.0,0.0,0.0,0.0,Evenna Williotters,True
8671_01,Europa,False,A/90/P,55 Cancri e,29.0,False,1.0,764.0,1.0,265.0,1539.0,Avijava Ticagent,True
8672_01,Earth,False,G/1406/P,TRAPPIST-1e,40.0,False,21.0,155.0,0.0,267.0,0.0,Cary Rilley,False
8673_01,Europa,True,C/285/P,,27.0,False,0.0,0.0,0.0,0.0,0.0,Taurak Pentical,True
8674_01,Mars,False,F/1784/P,TRAPPIST-1e,21.0,False,4924.0,0.0,49.0,2.0,0.0,Gra Resty,False
8675_01,Europa,True,B/281/P,TRAPPIST-1e,25.0,,0.0,0.0,0.0,0.0,0.0,Benebah Droning,True
8680_01,Mars,False,F/1786/P,TRAPPIST-1e,44.0,False,,971.0,700.0,0.0,0.0,Scera Sty,False
8681_01,Mars,False,F/1787/P,TRAPPIST-1e,34.0,False,368.0,499.0,1729.0,0.0,2.0,Colde Derry,False
8681_02,Mars,False,F/1787/P,TRAPPIST-1e,1.0,False,0.0,0.0,0.0,0.0,0.0,Rionk Facle,True
8681_03,Mars,False,F/1787/P,TRAPPIST-1e,1.0,False,0.0,0.0,0.0,0.0,0.0,Totax Derry,True
8683_01,Earth,False,F/1679/S,PSO J318.5-22,42.0,False,51.0,6.0,87.0,21.0,404.0,Dandra Prinson,False
8684_01,Earth,False,F/1788/P,TRAPPIST-1e,18.0,False,1.0,1.0,0.0,226.0,488.0,Carly Meleon,False
8685_01,Earth,True,G/1400/S,55 Cancri e,21.0,False,0.0,0.0,0.0,0.0,0.0,Ren Midtt,True
8687_01,Earth,False,F/1680/S,TRAPPIST-1e,24.0,False,0.0,,594.0,95.0,0.0,Annon Cartiz,True
8688_01,Earth,False,F/1681/S,TRAPPIST-1e,,False,0.0,0.0,0.0,595.0,0.0,Eillis Moodmandez,False
8691_01,Earth,True,G/1409/P,PSO J318.5-22,18.0,False,0.0,0.0,0.0,0.0,0.0,Thewis Pierry,False
8693_01,Earth,True,G/1410/P,PSO J318.5-22,27.0,False,0.0,0.0,0.0,0.0,0.0,Juanna Buckson,True
8694_01,Earth,True,G/1411/P,TRAPPIST-1e,13.0,False,0.0,0.0,0.0,0.0,0.0,Wenise Lunapperts,True
8694_02,Earth,False,G/1411/P,TRAPPIST-1e,10.0,False,0.0,0.0,0.0,0.0,0.0,Dixiel Lunapperts,False
8694_03,Earth,True,G/1411/P,TRAPPIST-1e,8.0,False,0.0,0.0,0.0,0.0,0.0,Reneen Lunapperts,False
8695_01,Mars,False,F/1683/S,TRAPPIST-1e,40.0,False,76.0,0.0,1169.0,0.0,64.0,Apench Seen,True
8696_01,Europa,True,C/326/S,PSO J318.5-22,35.0,False,0.0,0.0,0.0,0.0,0.0,Bahoton Alvesssidy,True
8700_01,Mars,False,F/1684/S,TRAPPIST-1e,13.0,False,217.0,7.0,928.0,0.0,728.0,Mose Teake,False
8701_01,Mars,False,F/1789/P,55 Cancri e,19.0,False,203.0,0.0,172.0,1460.0,151.0,Hammet Rekle,False
8703_01,Earth,False,F/1685/S,TRAPPIST-1e,44.0,False,84.0,0.0,308.0,0.0,1179.0,Lynnie Simpsonks,False
8704_01,Mars,True,F/1686/S,TRAPPIST-1e,36.0,,0.0,0.0,0.0,0.0,0.0,Pie Facke,True
8704_02,Mars,False,D/264/S,,29.0,False,2239.0,0.0,146.0,0.0,0.0,Cappe Facke,False
8708_01,Earth,False,G/1413/P,PSO J318.5-22,28.0,False,679.0,0.0,0.0,0.0,0.0,Annard Jacostaffey,False
8709_01,Earth,False,F/1687/S,TRAPPIST-1e,36.0,False,0.0,98.0,456.0,277.0,70.0,Sallie Cartyernan,False
8710_01,Earth,False,F/1688/S,PSO J318.5-22,24.0,,312.0,227.0,50.0,0.0,0.0,Frandy Scheron,False
8712_01,Mars,True,F/1792/P,TRAPPIST-1e,14.0,,0.0,0.0,0.0,0.0,0.0,Blesh Snoff,True
8714_01,Mars,False,D/270/P,TRAPPIST-1e,50.0,False,1584.0,0.0,36.0,104.0,0.0,Park Mad,True
8716_01,Earth,False,F/1793/P,PSO J318.5-22,20.0,False,426.0,0.0,220.0,2.0,0.0,Rankie Graneyes,False
8717_01,Earth,False,F/1689/S,TRAPPIST-1e,38.0,False,139.0,9.0,0.0,0.0,582.0,Nelley Freevenson,False
8719_01,Europa,False,A/104/S,TRAPPIST-1e,33.0,True,0.0,3076.0,0.0,3.0,994.0,Naslon Invebodene,False
8719_02,Europa,False,A/104/S,55 Cancri e,54.0,False,0.0,1821.0,2370.0,949.0,46.0,Astrak Alcemblery,False
8719_03,Europa,,A/104/S,55 Cancri e,20.0,False,0.0,0.0,0.0,0.0,0.0,Edaron Invebodene,True
8720_01,Earth,False,F/1690/S,55 Cancri e,23.0,False,0.0,247.0,1063.0,36.0,0.0,Enrie Bartines,True
8721_01,Europa,True,B/337/S,55 Cancri e,65.0,False,0.0,0.0,0.0,0.0,0.0,Mariton Tronsive,True
8722_01,Mars,True,E/558/P,TRAPPIST-1e,51.0,False,0.0,0.0,0.0,0.0,0.0,Cherry Pine,False
8722_02,Mars,False,E/558/P,TRAPPIST-1e,36.0,False,2002.0,0.0,10.0,87.0,0.0,Triple Pine,False
8723_01,Earth,False,F/1794/P,TRAPPIST-1e,38.0,False,32.0,1163.0,0.0,52.0,1935.0,Aleen Traverdy,False
8727_01,Earth,False,F/1797/P,55 Cancri e,28.0,False,34.0,0.0,0.0,0.0,658.0,Hencey Bulliamoses,False
8728_01,Earth,,F/1798/P,TRAPPIST-1e,32.0,False,258.0,500.0,3.0,15.0,128.0,Justie Fulloydez,True
8728_02,Earth,False,G/1416/P,TRAPPIST-1e,55.0,False,694.0,0.0,1.0,87.0,0.0,Eilan Fulloydez,False
8728_03,Earth,False,F/1798/P,TRAPPIST-1e,23.0,False,1254.0,0.0,45.0,0.0,0.0,Fanna Fulloydez,False
8728_04,Earth,False,F/1798/P,PSO J318.5-22,38.0,False,647.0,23.0,1.0,0.0,0.0,Ginald Fulloydez,False
8728_05,Earth,True,G/1416/P,55 Cancri e,18.0,False,0.0,0.0,0.0,0.0,0.0,Weslie Fulloydez,True
8728_06,Earth,True,G/1416/P,PSO J318.5-22,32.0,False,0.0,0.0,0.0,0.0,0.0,Kendy Fulloydez,False
8728_07,Earth,False,,TRAPPIST-1e,44.0,False,266.0,3.0,2.0,0.0,748.0,Delley Fulloydez,False
8728_08,Earth,False,G/1416/P,TRAPPIST-1e,62.0,False,0.0,592.0,164.0,0.0,0.0,Franda Fulloydez,True
8729_01,Europa,False,E/559/P,TRAPPIST-1e,66.0,False,354.0,2639.0,0.0,1180.0,0.0,Alhaino Rewmid,False
8729_02,Europa,False,E/559/P,TRAPPIST-1e,20.0,False,,7759.0,18.0,4925.0,12685.0,Charda Rewmid,False
8732_01,Earth,False,F/1691/S,TRAPPIST-1e,19.0,False,193.0,251.0,0.0,165.0,0.0,Lestie Jacostaffey,False
8733_01,Earth,False,G/1406/S,TRAPPIST-1e,,False,22.0,226.0,0.0,0.0,633.0,Leen Wolfernan,False
8734_01,Earth,False,G/1417/P,PSO J318.5-22,25.0,False,,0.0,707.0,1.0,0.0,Philia Johnshines,True
8735_01,Earth,False,F/1799/P,TRAPPIST-1e,20.0,False,227.0,0.0,1.0,0.0,707.0,Glasey Ryanglasey,False
8736_01,Mars,True,F/1800/P,TRAPPIST-1e,18.0,False,0.0,0.0,0.0,0.0,0.0,Meal Pota,True
8736_02,Mars,False,F/1800/P,TRAPPIST-1e,20.0,False,,2.0,289.0,976.0,0.0,Tros Pota,True
8741_01,Europa,True,A/91/P,TRAPPIST-1e,14.0,False,0.0,0.0,0.0,0.0,0.0,Neutrak Alaring,True
8741_02,Europa,False,A/91/P,55 Cancri e,49.0,False,0.0,3853.0,0.0,245.0,178.0,Grasath Alaring,True
8741_03,Europa,False,A/91/P,TRAPPIST-1e,49.0,False,4.0,44.0,1401.0,1043.0,0.0,Hyaduma Stichseary,False
8743_01,Earth,,F/1802/P,55 Cancri e,19.0,False,179.0,16.0,246.0,280.0,0.0,Isa Villenson,False
8744_01,Earth,False,E/570/S,TRAPPIST-1e,53.0,False,1613.0,0.0,0.0,0.0,7.0,Jilly Holton,False
8749_01,Mars,False,E/562/P,TRAPPIST-1e,31.0,False,947.0,83.0,19.0,0.0,0.0,Risps Cuche,False
8750_01,Earth,False,F/1804/P,TRAPPIST-1e,18.0,False,24.0,753.0,0.0,0.0,0.0,Eriey Carlsonney,False
8751_01,Earth,False,F/1694/S,TRAPPIST-1e,24.0,False,0.0,0.0,124.0,4.0,471.0,Byront Weavesend,False
8752_01,Mars,False,D/272/P,TRAPPIST-1e,35.0,False,2758.0,0.0,1.0,0.0,0.0,Koops Strad,False
8753_01,Earth,False,F/1805/P,TRAPPIST-1e,27.0,False,0.0,0.0,0.0,545.0,89.0,Lynnee Sellentry,False
8753_02,Earth,False,F/1805/P,TRAPPIST-1e,38.0,False,22.0,9.0,40.0,732.0,0.0,Garyan Sellentry,False
8753_03,Earth,False,F/1805/P,TRAPPIST-1e,23.0,False,0.0,0.0,9.0,69.0,1157.0,Min Sellentry,False
8754_01,Earth,False,G/1408/S,TRAPPIST-1e,22.0,False,151.0,,613.0,6.0,0.0,Camiet Popelazquez,False
8755_01,Europa,True,D/265/S,55 Cancri e,38.0,False,0.0,0.0,0.0,0.0,0.0,Ionons Alvercal,True
8757_01,Earth,False,G/1409/S,TRAPPIST-1e,28.0,False,1.0,1484.0,210.0,0.0,5.0,Vine Danielps,True
8759_01,Mars,False,F/1695/S,TRAPPIST-1e,25.0,False,520.0,0.0,139.0,0.0,77.0,Tart Chate,False
8759_02,Mars,False,F/1695/S,TRAPPIST-1e,45.0,False,74.0,0.0,0.0,1130.0,22.0,Crios Chate,False
8760_01,Earth,False,F/1696/S,,22.0,False,804.0,0.0,0.0,0.0,0.0,Tance Alvasquez,False
8762_01,Earth,False,G/1410/S,TRAPPIST-1e,30.0,False,32.0,180.0,497.0,0.0,99.0,Benry Cardner,True
8764_01,Mars,True,F/1697/S,55 Cancri e,25.0,False,0.0,0.0,0.0,0.0,0.0,Zers Gene,True
8766_01,Mars,True,F/1807/P,TRAPPIST-1e,24.0,False,0.0,0.0,0.0,0.0,0.0,Fles Mine,True
8769_01,Mars,False,F/1700/S,TRAPPIST-1e,44.0,False,1.0,0.0,2080.0,11.0,0.0,Chon Ches,True
8770_01,Earth,False,F/1808/P,TRAPPIST-1e,6.0,False,0.0,0.0,0.0,0.0,0.0,Hughan Waderoachez,False
8770_02,Earth,True,F/1808/P,TRAPPIST-1e,0.0,False,0.0,0.0,0.0,0.0,0.0,Walley Waderoachez,True
8770_03,Earth,False,,PSO J318.5-22,14.0,False,476.0,14.0,0.0,328.0,8.0,Sony Morgerson,False
8770_04,Earth,False,F/1808/P,TRAPPIST-1e,37.0,False,0.0,0.0,11.0,1028.0,7.0,Sandie Morgerson,False
8770_05,Earth,False,F/1808/P,TRAPPIST-1e,15.0,False,0.0,912.0,82.0,5.0,0.0,Millia Morgerson,False
8770_06,Earth,False,F/1808/P,TRAPPIST-1e,0.0,False,0.0,0.0,0.0,0.0,0.0,Nadie Waderoachez,True
8770_07,Earth,False,F/1808/P,TRAPPIST-1e,17.0,False,0.0,810.0,66.0,0.0,0.0,Raque Waderoachez,True
8771_01,Earth,False,G/1421/P,TRAPPIST-1e,58.0,False,0.0,805.0,3.0,3.0,0.0,Ebonya Boyersons,False
8772_01,Europa,True,B/339/S,55 Cancri e,15.0,False,0.0,0.0,0.0,0.0,0.0,,True
8772_02,Europa,False,,55 Cancri e,53.0,False,0.0,1127.0,0.0,3939.0,,Naosura Motled,False
8773_01,Mars,False,D/274/P,TRAPPIST-1e,29.0,False,257.0,0.0,782.0,8.0,3.0,Gorn Ica,False
8774_01,Earth,True,G/1412/S,TRAPPIST-1e,24.0,False,0.0,0.0,0.0,0.0,0.0,Jennyn Gentledges,True
8776_01,Earth,False,E/574/S,TRAPPIST-1e,40.0,False,0.0,0.0,286.0,6.0,570.0,Winia Headardyer,True
8779_01,Earth,False,G/1413/S,55 Cancri e,21.0,False,2.0,,0.0,634.0,0.0,Dandra Brensonsen,False
8780_01,Earth,False,G/1414/S,TRAPPIST-1e,30.0,False,0.0,114.0,0.0,726.0,67.0,Dory Bryangton,False
8781_01,Earth,False,G/1415/S,TRAPPIST-1e,20.0,False,0.0,91.0,2.0,623.0,93.0,Kencey Flowensley,False
8782_01,Mars,True,F/1701/S,TRAPPIST-1e,20.0,False,0.0,0.0,0.0,0.0,,Ale Butty,True
8783_01,Mars,False,D/276/P,,18.0,False,697.0,0.0,25.0,0.0,61.0,Pebix Wate,False
8783_02,Mars,True,D/276/P,TRAPPIST-1e,36.0,False,0.0,0.0,0.0,0.0,0.0,Graw Wate,True
8785_01,Earth,False,F/1810/P,TRAPPIST-1e,20.0,False,874.0,0.0,80.0,,0.0,Jamela Llobsoney,False
8785_02,Earth,False,G/1422/P,TRAPPIST-1e,4.0,False,0.0,0.0,0.0,0.0,0.0,Caseya Llobsoney,True
8786_01,Europa,True,B/284/P,55 Cancri e,59.0,False,0.0,0.0,0.0,0.0,0.0,Sadir Fringearty,True
8787_01,Earth,False,G/1416/S,TRAPPIST-1e,20.0,False,11.0,0.0,0.0,843.0,0.0,,False
8789_01,Earth,False,G/1417/S,55 Cancri e,4.0,False,0.0,0.0,0.0,0.0,0.0,Hollie Cartez,False
8789_02,Earth,False,E/576/S,TRAPPIST-1e,23.0,False,0.0,565.0,0.0,35.0,188.0,Monard Cartez,True
8790_01,Europa,False,D/277/P,55 Cancri e,25.0,False,698.0,4978.0,0.0,146.0,0.0,Charaz Fawnsive,True
8791_01,Earth,False,F/1812/P,PSO J318.5-22,20.0,False,0.0,571.0,82.0,0.0,0.0,Jerrye Meleon,False
8794_01,Earth,False,E/563/P,TRAPPIST-1e,22.0,False,0.0,0.0,637.0,0.0,50.0,Rence Slatessen,True
8796_01,Earth,False,G/1418/S,TRAPPIST-1e,6.0,False,0.0,0.0,0.0,0.0,0.0,Daisya Traverdy,True
8796_02,Earth,False,F/1704/S,TRAPPIST-1e,14.0,False,588.0,144.0,1.0,0.0,168.0,Hillie Jorden,False
8796_03,Earth,True,G/1418/S,TRAPPIST-1e,0.0,False,,0.0,0.0,0.0,0.0,Joya Jorden,False
8796_04,Earth,True,G/1418/S,TRAPPIST-1e,4.0,False,0.0,0.0,0.0,0.0,0.0,Gailia Jorden,False
8796_05,Earth,False,F/1704/S,TRAPPIST-1e,37.0,False,63.0,0.0,0.0,0.0,661.0,Berna Jorden,False
8796_06,Earth,False,F/1704/S,TRAPPIST-1e,14.0,False,0.0,1427.0,148.0,0.0,7.0,Felice Traverdy,True
8796_07,Earth,False,F/1704/S,TRAPPIST-1e,34.0,False,14.0,748.0,0.0,41.0,0.0,Stene Bakerson,True
8796_08,Earth,True,G/1418/S,55 Cancri e,3.0,False,0.0,0.0,0.0,0.0,0.0,Dondy Traverdy,True
8797_01,Earth,False,F/1705/S,PSO J318.5-22,18.0,False,0.0,3.0,110.0,588.0,0.0,Julies Bradamss,False
8798_01,Earth,False,F/1706/S,TRAPPIST-1e,27.0,False,1771.0,0.0,242.0,0.0,37.0,Guyl Mcculley,False
8799_01,Earth,False,G/1419/S,TRAPPIST-1e,19.0,False,0.0,0.0,855.0,11.0,42.0,Rossie Boltond,True
8801_01,Earth,False,F/1707/S,TRAPPIST-1e,37.0,False,10.0,557.0,51.0,83.0,0.0,Justie Vincenton,False
8802_01,Europa,True,D/266/S,TRAPPIST-1e,29.0,False,0.0,0.0,0.0,0.0,0.0,Nunkibi Unsible,True
8805_01,Earth,False,F/1815/P,PSO J318.5-22,37.0,False,570.0,0.0,7.0,107.0,0.0,Elindy Rasmussony,False
8806_01,Mars,False,F/1708/S,TRAPPIST-1e,32.0,False,81.0,0.0,1363.0,0.0,0.0,Shood Clake,True
8807_01,Earth,False,G/1420/S,PSO J318.5-22,22.0,False,0.0,0.0,0.0,617.0,0.0,Marix Polliamposs,False
8808_01,Earth,False,F/1816/P,TRAPPIST-1e,38.0,False,0.0,2532.0,0.0,204.0,0.0,Pristy Folemonley,True
8809_01,Earth,False,F/1817/P,TRAPPIST-1e,24.0,False,0.0,0.0,0.0,2019.0,117.0,Blance Cooperkins,False
8811_01,Earth,False,E/577/S,PSO J318.5-22,63.0,False,0.0,0.0,80.0,0.0,2322.0,Karley Goods,False
8812_01,Mars,True,E/564/P,TRAPPIST-1e,23.0,False,0.0,0.0,0.0,0.0,0.0,Bar Part,False
8813_01,Earth,False,G/1421/S,PSO J318.5-22,41.0,False,413.0,0.0,0.0,7.0,347.0,,False
8815_01,Earth,False,F/1818/P,55 Cancri e,20.0,False,0.0,0.0,0.0,335.0,957.0,Frey Tranklinay,False
8816_01,Europa,True,B/340/S,TRAPPIST-1e,48.0,False,0.0,0.0,0.0,0.0,,Murzima Diouselt,True
8816_02,,True,B/340/S,55 Cancri e,44.0,False,0.0,0.0,0.0,0.0,0.0,Mesatik Diouselt,True
8816_03,Europa,True,B/340/S,55 Cancri e,15.0,False,0.0,0.0,0.0,0.0,0.0,Merops Diouselt,True
8816_04,Europa,True,B/340/S,55 Cancri e,29.0,False,0.0,0.0,0.0,0.0,0.0,Astab Diouselt,True
8816_05,Europa,False,B/340/S,TRAPPIST-1e,64.0,,0.0,1770.0,0.0,4111.0,180.0,Terops Diouselt,False
8817_01,Earth,False,G/1426/P,TRAPPIST-1e,19.0,False,586.0,10.0,0.0,30.0,0.0,Yola Mirezavis,False
8818_01,Earth,True,G/1427/P,PSO J318.5-22,28.0,False,0.0,0.0,0.0,0.0,0.0,Andyn Ballocks,True
8819_01,Earth,False,G/1428/P,TRAPPIST-1e,44.0,False,857.0,0.0,1.0,8.0,17.0,Almary Sancasey,False
8820_01,Earth,True,G/1429/P,TRAPPIST-1e,13.0,False,0.0,0.0,0.0,0.0,0.0,Isaacy Hahnstoneal,True
8821_01,Earth,False,E/565/P,TRAPPIST-1e,45.0,False,198.0,454.0,1.0,0.0,4.0,Heremy Lewinez,True
8822_01,Europa,False,A/92/P,55 Cancri e,25.0,False,0.0,145.0,1359.0,492.0,205.0,Taram Spopting,False
8823_01,Mars,True,F/1710/S,TRAPPIST-1e,19.0,False,0.0,0.0,0.0,0.0,0.0,Stax Jamad,True
8824_01,Earth,False,F/1819/P,TRAPPIST-1e,29.0,False,128.0,0.0,130.0,132.0,473.0,Ruthy Whiters,False
8825_01,Earth,True,G/1422/S,55 Cancri e,21.0,False,0.0,0.0,0.0,0.0,0.0,Iree Halexandez,True
8826_01,Europa,False,C/290/P,55 Cancri e,13.0,False,1212.0,4485.0,0.0,4016.0,57.0,Marin Hednigic,False
8826_02,Europa,False,C/290/P,55 Cancri e,25.0,False,1369.0,310.0,3.0,4502.0,377.0,Nusakab Hednigic,False
8826_03,Europa,False,C/290/P,TRAPPIST-1e,46.0,False,1384.0,229.0,0.0,1572.0,1.0,Aston Hednigic,False
8827_01,Earth,False,F/1820/P,55 Cancri e,37.0,False,88.0,0.0,719.0,88.0,0.0,Rickie Mclarseney,True
8828_01,Earth,False,F/1711/S,55 Cancri e,19.0,,0.0,6.0,0.0,0.0,1179.0,Charly Robersondez,True
8830_01,Mars,False,E/578/S,TRAPPIST-1e,29.0,False,230.0,0.0,1404.0,464.0,0.0,Rankes Vloaf,False
8830_02,Mars,True,F/1712/S,TRAPPIST-1e,21.0,False,0.0,0.0,0.0,0.0,0.0,Pon Vloaf,True
8831_01,Mars,True,F/1713/S,TRAPPIST-1e,13.0,False,0.0,0.0,0.0,0.0,0.0,Yaphex Beake,True
8833_01,Earth,True,G/1424/S,55 Cancri e,15.0,False,0.0,0.0,0.0,0.0,0.0,Jennya Vanglis,True
8834_01,Earth,False,F/1715/S,TRAPPIST-1e,42.0,False,4.0,0.0,0.0,0.0,792.0,Milda Howayery,False
8835_01,Earth,True,G/1425/S,TRAPPIST-1e,,False,0.0,0.0,0.0,0.0,0.0,Shalle Bartines,False
8836_01,Earth,False,F/1821/P,TRAPPIST-1e,26.0,False,903.0,0.0,182.0,0.0,27.0,Harlos Mcinton,False
8836_02,Earth,True,G/1430/P,TRAPPIST-1e,19.0,False,0.0,0.0,0.0,0.0,0.0,Jeron Mcinton,False
8838_01,Earth,False,G/1431/P,TRAPPIST-1e,18.0,,0.0,181.0,628.0,0.0,0.0,Briam Chanash,True
8840_01,Earth,False,F/1716/S,55 Cancri e,50.0,False,0.0,433.0,4.0,0.0,2020.0,Naomin Litthews,False
8841_01,Mars,True,F/1822/P,TRAPPIST-1e,28.0,False,0.0,0.0,0.0,0.0,0.0,Asinch Derry,True
8842_01,Europa,False,D/267/S,TRAPPIST-1e,24.0,False,3.0,2910.0,0.0,112.0,36.0,Hekaron Amspring,True
8843_01,Europa,False,C/327/S,TRAPPIST-1e,31.0,False,,927.0,0.0,2760.0,1.0,Zedares Rinicapead,False
8844_01,Earth,False,E/579/S,55 Cancri e,19.0,False,0.0,0.0,717.0,1.0,0.0,Jacky Wynneyerson,True
8845_01,Earth,False,F/1823/P,TRAPPIST-1e,20.0,False,735.0,0.0,0.0,41.0,1.0,Jorgie Coolez,False
8845_02,Earth,False,E/566/P,TRAPPIST-1e,23.0,False,0.0,1204.0,40.0,0.0,375.0,Paulah Coolez,False
8848_01,,False,F/1824/P,TRAPPIST-1e,19.0,False,1037.0,0.0,40.0,0.0,0.0,Leos Lacke,True
8849_01,Earth,True,G/1427/S,55 Cancri e,27.0,False,0.0,0.0,,0.0,,Valex Chanash,True
8850_01,Mars,False,E/580/S,TRAPPIST-1e,16.0,False,1032.0,0.0,267.0,0.0,0.0,Koat Kie,False
8852_01,Mars,True,D/278/P,TRAPPIST-1e,76.0,False,0.0,0.0,0.0,0.0,0.0,Aark Homin,True
8852_02,Mars,False,D/278/P,TRAPPIST-1e,41.0,True,22.0,484.0,354.0,0.0,0.0,Toats Homin,False
8853_01,Earth,False,G/1433/P,PSO J318.5-22,24.0,False,726.0,3488.0,200.0,17.0,275.0,Kimena Ellahan,False
8854_01,Earth,True,G/1429/S,TRAPPIST-1e,12.0,False,0.0,0.0,0.0,0.0,0.0,Pristy Hammons,False
8856_01,Earth,True,G/1434/P,PSO J318.5-22,28.0,False,0.0,0.0,0.0,0.0,0.0,Teremy Mckinsond,True
8858_01,Europa,False,B/285/P,TRAPPIST-1e,36.0,True,0.0,0.0,0.0,0.0,0.0,Medib Ricled,False
8860_01,Mars,True,F/1825/P,TRAPPIST-1e,20.0,False,0.0,0.0,0.0,0.0,0.0,Turs Mity,True
8860_02,,True,F/1825/P,TRAPPIST-1e,7.0,False,0.0,0.0,0.0,0.0,0.0,Guls Vloaf,True
8860_03,Mars,True,F/1825/P,TRAPPIST-1e,21.0,False,0.0,0.0,0.0,0.0,0.0,Mulk Vloaf,True
8860_04,Mars,False,E/567/P,TRAPPIST-1e,33.0,,1054.0,0.0,222.0,22.0,0.0,Appers Vloaf,False
8861_01,Europa,False,C/291/P,TRAPPIST-1e,32.0,False,0.0,2583.0,3.0,500.0,129.0,Arkard Secened,True
8862_01,Europa,False,C/329/S,55 Cancri e,34.0,False,0.0,3126.0,0.0,112.0,15.0,Pharmus Myling,True
8862_02,Europa,False,C/329/S,PSO J318.5-22,38.0,True,0.0,2191.0,863.0,207.0,6262.0,Menkin Cluted,False
8862_03,Europa,True,C/329/S,TRAPPIST-1e,,False,0.0,0.0,0.0,0.0,0.0,Alchib Myling,True
8862_04,Europa,True,C/329/S,55 Cancri e,28.0,False,0.0,0.0,0.0,0.0,0.0,Alramix Myling,True
8862_05,Europa,True,C/329/S,TRAPPIST-1e,25.0,False,0.0,0.0,0.0,0.0,0.0,Prope Myling,True
8863_01,Earth,False,E/582/S,55 Cancri e,24.0,False,0.0,784.0,5.0,0.0,1.0,Dona Greeves,True
8864_01,Mars,True,F/1717/S,TRAPPIST-1e,18.0,False,0.0,0.0,0.0,0.0,0.0,Tench Pert,True
8865_01,Earth,False,F/1826/P,TRAPPIST-1e,24.0,False,121.0,10.0,341.0,307.0,47.0,Bettie Sancockett,False
8867_01,Europa,True,B/286/P,55 Cancri e,30.0,False,0.0,0.0,0.0,0.0,0.0,Sollum Ambleetive,True
8867_02,Europa,True,B/286/P,55 Cancri e,38.0,False,0.0,0.0,0.0,0.0,0.0,Alrairk Ambleetive,True
8868_01,Earth,False,G/1430/S,TRAPPIST-1e,39.0,False,0.0,798.0,0.0,56.0,0.0,Chesty Loverthyo,True
8869_01,Earth,True,G/1431/S,TRAPPIST-1e,31.0,False,0.0,0.0,0.0,0.0,0.0,Melica Starkers,True
8871_01,Earth,False,G/1432/S,TRAPPIST-1e,33.0,False,0.0,116.0,412.0,379.0,0.0,Nelly Benney,True
8871_02,Earth,True,G/1432/S,PSO J318.5-22,15.0,False,,0.0,,0.0,0.0,Nadie Benney,True
8872_01,Mars,True,F/1828/P,TRAPPIST-1e,23.0,False,0.0,0.0,0.0,0.0,0.0,Rinnab Surry,True
8874_01,Earth,True,G/1436/P,TRAPPIST-1e,24.0,,0.0,0.0,0.0,0.0,0.0,Cline Popelacruz,False
8876_01,Europa,False,B/287/P,55 Cancri e,44.0,False,0.0,71.0,7148.0,427.0,394.0,Mulkes Suarging,True
8878_01,Earth,False,E/568/P,TRAPPIST-1e,22.0,False,0.0,0.0,0.0,0.0,906.0,Tracek Rames,False
8880_01,Mars,True,F/1829/P,TRAPPIST-1e,28.0,False,0.0,0.0,0.0,0.0,0.0,Croo Cure,True
8881_01,Earth,False,F/1719/S,55 Cancri e,34.0,False,0.0,0.0,717.0,0.0,0.0,Timmy Garnettiz,True
8883_01,,False,G/1438/P,TRAPPIST-1e,8.0,False,0.0,0.0,0.0,0.0,0.0,Rence Monroellynn,False
8884_01,Earth,False,F/1830/P,TRAPPIST-1e,26.0,False,1471.0,0.0,7.0,5.0,0.0,Jenne Mckins,True
8885_01,Mars,False,D/269/S,TRAPPIST-1e,29.0,False,876.0,1.0,54.0,125.0,0.0,Squars Anake,False
8886_01,Earth,False,G/1433/S,55 Cancri e,58.0,False,0.0,0.0,620.0,0.0,0.0,Jerrye Mclarseney,False
8886_02,Earth,True,G/1433/S,TRAPPIST-1e,4.0,False,0.0,0.0,0.0,0.0,0.0,Samana Mclarseney,False
8886_03,Earth,False,G/1433/S,PSO J318.5-22,1.0,False,0.0,0.0,0.0,0.0,0.0,Ale Mclarseney,True
8889_01,,False,G/1439/P,55 Cancri e,17.0,False,0.0,0.0,615.0,0.0,0.0,Erman Russelloyd,False
8890_01,Earth,False,G/1434/S,PSO J318.5-22,27.0,False,0.0,0.0,0.0,1606.0,3675.0,Coreen Tersimpson,False
8891_01,Earth,False,F/1831/P,TRAPPIST-1e,24.0,False,1186.0,0.0,381.0,3.0,173.0,Jimmyn Pooley,True
8891_02,Earth,False,F/1831/P,TRAPPIST-1e,16.0,False,0.0,1332.0,0.0,0.0,0.0,Isa Pooley,True
8892_01,Earth,False,F/1832/P,TRAPPIST-1e,28.0,False,0.0,16.0,496.0,318.0,0.0,Shanya Ricklaney,False
8894_01,Mars,True,F/1721/S,TRAPPIST-1e,23.0,False,0.0,0.0,0.0,0.0,0.0,Ars Shpie,True
8896_01,Mars,True,F/1722/S,55 Cancri e,33.0,False,0.0,0.0,0.0,0.0,0.0,Gone Pri,True
8897_01,Earth,True,G/1440/P,PSO J318.5-22,24.0,False,0.0,0.0,0.0,0.0,0.0,Courta Hoppers,True
8899_01,Earth,False,G/1435/S,TRAPPIST-1e,6.0,False,0.0,0.0,0.0,0.0,0.0,Helle Bookson,True
8900_01,Earth,False,G/1441/P,TRAPPIST-1e,19.0,False,23.0,659.0,0.0,15.0,113.0,Stal Landolphrey,False
8901_01,Europa,True,B/341/S,TRAPPIST-1e,31.0,False,0.0,0.0,0.0,0.0,0.0,Alphah Cousel,True
8902_01,Earth,False,G/1436/S,TRAPPIST-1e,19.0,False,16.0,1739.0,9.0,5.0,8.0,Enry Goodson,True
8903_01,Earth,False,G/1437/S,TRAPPIST-1e,18.0,False,0.0,0.0,0.0,0.0,810.0,Darrie Herreras,False
8904_01,Earth,False,G/1442/P,TRAPPIST-1e,35.0,False,522.0,0.0,1.0,324.0,60.0,Troya Welles,False
8905_01,Mars,False,E/570/P,TRAPPIST-1e,32.0,True,0.0,0.0,0.0,0.0,0.0,Flakes Dutte,True
8906_01,Earth,False,F/1723/S,55 Cancri e,19.0,False,720.0,2.0,,,0.0,Rena Gainney,False
8907_01,Earth,True,G/1438/S,PSO J318.5-22,24.0,False,0.0,0.0,0.0,0.0,0.0,Karay Booters,True
8910_01,Earth,False,E/585/S,TRAPPIST-1e,33.0,False,0.0,3.0,0.0,782.0,7.0,Therta Crayeson,False
8918_01,Earth,False,G/1448/P,TRAPPIST-1e,20.0,False,0.0,1.0,32.0,755.0,21.0,Brada Hayder,False
8919_01,Europa,False,C/331/S,TRAPPIST-1e,27.0,False,0.0,2481.0,0.0,3657.0,93.0,Zedark Crantiale,False
8920_01,Europa,False,D/280/P,TRAPPIST-1e,26.0,False,0.0,70.0,0.0,41.0,,Tach Openduave,False
8922_01,Earth,True,G/1449/P,TRAPPIST-1e,28.0,False,0.0,0.0,0.0,0.0,0.0,Walley Pager,True
8923_01,Earth,False,G/1450/P,TRAPPIST-1e,19.0,False,0.0,0.0,0.0,0.0,0.0,Lilley Fuentryoung,True
8926_01,Earth,False,E/571/P,TRAPPIST-1e,24.0,False,0.0,,3.0,80.0,0.0,Paulah Pooles,True
8928_01,Europa,True,C/333/S,55 Cancri e,52.0,False,0.0,0.0,0.0,,0.0,Meisam Hoodjuded,True
8930_01,Earth,False,F/1725/S,PSO J318.5-22,23.0,False,0.0,471.0,120.0,13.0,6.0,Alvira Cleachrand,True
8932_01,Earth,False,F/1727/S,TRAPPIST-1e,23.0,False,0.0,0.0,0.0,912.0,41.0,Bretty Blanglison,False
8937_01,Europa,True,E/574/P,TRAPPIST-1e,25.0,False,0.0,0.0,0.0,0.0,0.0,Zosmark Unaasor,True
8938_01,,True,F/1729/S,TRAPPIST-1e,22.0,False,0.0,0.0,0.0,0.0,0.0,Quites Must,True
